id,x,y,theta
0,2.541622367711088,2.4201754979323304,1.370038659512683
1,2.1215283810729217,2.846022763901306,6.352617000944095
2,1.8788497325314115,3.813521688219863,4.570823400945914
3,2.568507623333609,4.1560487612651755,4.434584067255723
4,2.416580310796439,4.382779465547417,1.1580114971166746
5,2.993686320559897,2.2738165851780523,2.120846241448104
6,2.7195029044447496,2.8039492895145846,4.231250067481879
7,2.739824791459739,3.737422834473053,3.6326975001980917
8,2.9209637823944017,4.471351241343932,5.35179705345057
9,2.9286138818812613,5.073435463446137,4.642657894176266
10,3.6243724815725167,2.724273337194621,3.553465674499505
11,3.68990215271435,3.1924963460040954,1.9936243416564072
12,3.6693208652910645,3.829299402947457,2.2178189233715484
13,3.5345300131674966,4.522008796411368,3.7703051201332625
14,3.501002211995062,5.455240642611097,3.788829904526876
15,4.192888366315574,2.865720418852063,3.6213908880433245
16,4.393713320954544,3.2239513850352486,1.1770861571179874
17,4.326113521037353,3.6875624809945133,5.6893484854540395
18,4.570055630756669,4.596598851594762,1.7164607434602093
19,4.251665930745899,4.940040351033364,0.6491657189247833
